id,claim,status,evidence_or_source,evidence_still_needed,used_in
T01,Ali Al-Ramadhan and Ali Al-Yousifi met in Boulder Colorado while studying,FOUNDER VERIFIED,Founder brief,Year; a real photo,E1-04; E3-15
T02,Mohammad bin Wail Al-Yousifi was met in San Diego California,FOUNDER VERIFIED,Founder brief,Year; a real photo,E1-06
T03,The three became one close group and their watch interest grew while studying in the US (not yet experts),FOUNDER VERIFIED,Founder brief,Early photos of the three together,E1-05; E1-07
T04,After graduation they returned to Kuwait and kept meeting while waiting for careers to begin,FOUNDER VERIFIED,Founder brief,Year of return; a gathering photo,E1-08; E1-09
T05,Their gatherings exposed a lack of accessible Arabic watch knowledge,FOUNDER VERIFIED,Founder brief,,E1-10; E1-11; E1-12
T06,They decided to make the watch world easier to understand in Arabic,FOUNDER VERIFIED,Founder brief,,E1-14; E3-18
T07,Time Keeper began in 2018 as an educational platform,FOUNDER VERIFIED + PUBLIC (to confirm),Founder brief; company About page says established 2018 (seen in search results; page blocked here),First real posts with dates; first logo,E2-02
T08,The public company text frames Time Keeper as an authorized retailer first; the founders frame education first,CONFLICT (founder testimony prevails),About page wording (search snippet) vs founder brief,Founders to confirm wording,E2-01; E2-02
T09,Audience requests for featured watches led Time Keeper to supply and sell selected watches,FOUNDER VERIFIED,Founder brief,Year of first sale; first order photo,E2-06; E2-07; E2-08
T10,The platform grew into Instagram articles app e-commerce video podcast interviews events,FOUNDER VERIFIED + PUBLIC (to confirm),Founder brief; About page mentions Instagram articles YouTube podcast WhatsApp group,App launch date,E2-09
T11,The Time Keeper Podcast launched in 2019,FOUNDER VERIFIED + PUBLIC (to confirm),Founder brief; Apple Podcasts listing seen in search: season 1 episode 2 dated 12 Dec 2019 with Jasim Al-Zuraai; about 71 episodes 2019-2025,First episode date; real photos. Do not say it is ongoing,E2-10; E3-20
T12,Time Keeper hosted a collectors session at Dubai Watch Week 2021,PUBLIC (to confirm),Dubai Watch Week page titled TK Collectors Session seen in search results,Founder confirmation of the role; photos,Candidate for E2-11
T13,Founders attended Watches & Wonders in Geneva and visited manufactures,FOUNDER VERIFIED,Founder brief; About page says Time Keeper covers major watch shows and exhibitions,Which years; badge or invitation; manufacture names; relationship class for each,E2-11; E2-12; E2-13
T14,Documented access to or interaction with Rolex Patek Philippe Audemars Piguet Hublot Bulgari,OPEN,None found in public search,Per house: what happened and the relationship class,Not used; narration names no house
T15,Gerald Charles: Time Keeper lists and sells it; Time Gallery described as authorized dealer,PUBLIC (to confirm),time-keeper.com product pages and a sponsored launch article (search results; pages blocked),Authorization or agreement to confirm the class,E3-07 (generic wording only)
T16,Time Keeper Lounge opened in 2022 as an appointment-based space,FOUNDER VERIFIED + PUBLIC (to confirm),Founder brief; About page mentions a lounge with pre-booking in Salhiya Complex,Opening date; Lounge photos,E3-02; E3-03
T17,Limited editions: Heritage Chronograph Time Keeper Edition with Lebois & Co (50 pieces); Bairak Kuwait Limited Edition with West End (150 pieces),PUBLIC (to confirm),Brand product page (lebois.com) and time-keeper.com product page seen in search,Years; what Time Keeper contributed to each; permission to show,E3-04; E3-05
T18,Time Gallery by Time Keeper opened in Salhiya Complex (M1 floor) and is described as Time Keeper's first store,PUBLIC (to confirm),Sponsored launch article (search results; page blocked),Opening date; sequence against the Lounge,E3-06; E3-07
T19,Independent brands at Time Gallery listed as Behrens ClockClock24 Gerald Charles Lebois & Co Nivada Grenchen Graham Ikepod Raketa,PUBLIC (to confirm),Same article,Current stock list; class per brand,E3-07 (no names or logos yet)
T20,Time Keeper has a boutique at The Avenues (described as the second boutique),PUBLIC (to confirm) + FOUNDER VERIFIED,Founder brief; same article; Avenues listing,Opening date; real photos,E3-12
T21,The Rarest in Kuwait: October 2025 exhibition at Salhiya of rare watches owned by Kuwaiti collectors; described as the first of its kind in Kuwait,PUBLIC (to confirm),rarestinkuwait.com (search results; page blocked),Founder confirmation; photos; collector permissions,E3-10; E3-11
T22,Community size about 240K followers (site) or 251K (Instagram listing),PUBLIC (to confirm),Search results,Figure on the day of release. No number shown in the film,Not used
T23,The three friends are recognisable paper figures of the real founders,VISUAL METAPHOR,Artistic representation,Likeness approval,All
T24,Paper maps planes passports and boxes,VISUAL METAPHOR,Artistic representation,,All
